startyear;endyear;normalization;learningRate;lambdaValue;PCE;R2;ResBlockWidth;numBlocks;dense;af
2009;2019;100-1000;base;0.0001;0.06891552358865738;0.1474697533940074;3;20;[256, 512, 128];torch.nn.modules.activation.ReLU
2009;2019;100-1000;base;0.0001;0.07031843066215515;0.14388081337054018;5;20;[256, 512, 128];torch.nn.modules.activation.ReLU
2009;2019;100-1000;base;0.0001;0.07009315490722656;0.13141919571718297;7;20;[256, 512, 128];torch.nn.modules.activation.ReLU
2009;2019;100-1000;base;0.0001;0.06968740373849869;0.1424761668116764;5;30;[256, 512, 128];torch.nn.modules.activation.ReLU
2009;2019;100-1000;base;0.0001;0.07255633920431137;0.050011975459166295;7;30;[256, 512, 128];torch.nn.modules.activation.ReLU
2009;2019;100-1000;base;0.0001;0.06923602521419525;0.15714250003554076;3;20;[128, 256, 512, 128];torch.nn.modules.activation.ReLU
2009;2019;100-1000;base;0.0001;0.06941299140453339;0.15298311150307561;5;20;[128, 256, 512, 128];torch.nn.modules.activation.ReLU
2009;2019;100-1000;base;0.0001;0.06992965191602707;0.15093456269842273;7;20;[128, 256, 512, 128];torch.nn.modules.activation.ReLU
2009;2019;100-1000;base;0.0001;0.06963179260492325;0.15467727950894788;3;30;[128, 256, 512, 128];torch.nn.modules.activation.ReLU
2009;2019;100-1000;base;0.0001;0.06891961395740509;0.14822090867509044;5;30;[128, 256, 512, 128];torch.nn.modules.activation.ReLU
2009;2019;100-1000;base;0.0001;0.07016855478286743;0.14887250059394183;7;30;[128, 256, 512, 128];torch.nn.modules.activation.ReLU
2009;2019;100-1000;base;0.0001;0.06912824511528015;0.1374182889618926;3;20;[256, 512, 128];torch.nn.modules.activation.ELU
2009;2019;100-1000;base;0.0001;0.0692083090543747;0.14924990054395162;5;20;[256, 512, 128];torch.nn.modules.activation.ELU
2009;2019;100-1000;base;0.0001;0.0698058232665062;0.129754253365478;7;20;[256, 512, 128];torch.nn.modules.activation.ELU
2009;2019;100-1000;base;0.0001;0.06972150504589081;0.148155592423466;5;30;[256, 512, 128];torch.nn.modules.activation.ELU
2009;2019;100-1000;base;0.0001;0.07300718873739243;0.11319562014300316;7;30;[256, 512, 128];torch.nn.modules.activation.ELU
2009;2019;100-1000;base;0.0001;0.07004883140325546;0.12181133180480382;3;20;[128, 256, 512, 128];torch.nn.modules.activation.ELU
2009;2019;100-1000;base;0.0001;0.06967239081859589;0.13463746775551028;5;20;[128, 256, 512, 128];torch.nn.modules.activation.ELU
2009;2019;100-1000;base;0.0001;0.06940709054470062;0.1556025037048676;7;20;[128, 256, 512, 128];torch.nn.modules.activation.ELU
2009;2019;100-1000;base;0.0001;0.07087132334709167;0.14685464292539238;3;30;[128, 256, 512, 128];torch.nn.modules.activation.ELU
2009;2019;100-1000;base;0.0001;0.07009579986333847;0.1421579575380201;5;30;[128, 256, 512, 128];torch.nn.modules.activation.ELU
2009;2019;100-1000;base;0.0001;0.07071878015995026;0.1440579854362328;7;30;[128, 256, 512, 128];torch.nn.modules.activation.ELU
2009;2019;100-1000;base;0.003;0.06441524624824524;0.12307283365516362;5;20;[256, 512, 128];torch.nn.modules.activation.ReLU
2009;2019;100-1000;base;0.003;0.06369774043560028;0.1066899471408792;7;20;[256, 512, 128];torch.nn.modules.activation.ReLU
2009;2019;100-1000;base;0.003;0.06396226584911346;0.11122505291557737;5;30;[256, 512, 128];torch.nn.modules.activation.ReLU
2009;2019;100-1000;base;0.003;0.06416261196136475;0.07334677037885867;7;30;[256, 512, 128];torch.nn.modules.activation.ReLU
2009;2019;100-1000;base;0.003;0.06472958624362946;0.07775857659655279;7;20;[128, 256, 512, 128];torch.nn.modules.activation.ReLU
2009;2019;100-1000;base;0.003;0.06467563658952713;0.13285039650070954;3;30;[128, 256, 512, 128];torch.nn.modules.activation.ReLU
2009;2019;100-1000;base;0.003;0.0652121976017952;0.11821934783064085;3;20;[256, 512, 128];torch.nn.modules.activation.ELU
2009;2019;100-1000;base;0.003;0.06603644788265228;0.05946847745319226;7;20;[256, 512, 128];torch.nn.modules.activation.ELU
2009;2019;100-1000;base;0.003;0.06439001858234406;0.1198488674586244;5;30;[256, 512, 128];torch.nn.modules.activation.ELU
2009;2019;100-1000;base;0.003;0.06589659303426743;0.09712141665140246;7;30;[256, 512, 128];torch.nn.modules.activation.ELU
2009;2019;100-1000;base;0.003;0.06413482129573822;0.12684422978541843;3;20;[128, 256, 512, 128];torch.nn.modules.activation.ELU
2009;2019;100-1000;base;0.003;0.06545667350292206;0.13076147302792215;5;20;[128, 256, 512, 128];torch.nn.modules.activation.ELU
2009;2019;100-1000;base;0.003;0.06551916152238846;0.0928490170704846;7;20;[128, 256, 512, 128];torch.nn.modules.activation.ELU
2009;2019;100-1000;base;0.003;0.06549027562141418;0.11240333088979228;3;30;[128, 256, 512, 128];torch.nn.modules.activation.ELU
2009;2019;100-1000;base;0.0;0.06675677001476288;0.0921857588366121;5;20;[256, 512, 128];torch.nn.modules.activation.ReLU
2009;2019;100-1000;base;0.0;0.0671878233551979;0.10565990347982568;7;20;[256, 512, 128];torch.nn.modules.activation.ReLU
2009;2019;100-1000;base;0.0;0.06656558066606522;0.1189828107925472;3;20;[128, 256, 512, 128];torch.nn.modules.activation.ReLU
2009;2019;100-1000;base;0.0;0.06717954576015472;0.1182732410997759;7;20;[128, 256, 512, 128];torch.nn.modules.activation.ReLU
2009;2019;100-1000;base;0.0;0.06742007285356522;0.10951334350664134;5;30;[128, 256, 512, 128];torch.nn.modules.activation.ReLU
2009;2019;100-1000;base;0.0;0.06727300584316254;0.08910534406630428;3;20;[256, 512, 128];torch.nn.modules.activation.ELU
2009;2019;100-1000;base;0.0;0.06769626587629318;0.0897129788395886;5;20;[256, 512, 128];torch.nn.modules.activation.ELU
2009;2019;100-1000;base;0.0;0.06727179139852524;0.09066666562288157;7;20;[256, 512, 128];torch.nn.modules.activation.ELU
2009;2019;100-1000;base;0.0;0.06689281761646271;0.10596952219629412;5;30;[256, 512, 128];torch.nn.modules.activation.ELU
2009;2019;100-1000;base;0.0;0.06728603690862656;0.09438659495960484;7;30;[256, 512, 128];torch.nn.modules.activation.ELU
2009;2019;100-1000;base;0.0;0.0662141889333725;0.1049198435029859;3;20;[128, 256, 512, 128];torch.nn.modules.activation.ELU
2009;2019;100-1000;base;0.0;0.06661798059940338;0.1108765700939769;7;20;[128, 256, 512, 128];torch.nn.modules.activation.ELU
2009;2019;100-1000;base;0.0;0.06694897264242172;0.11821275569516383;3;30;[128, 256, 512, 128];torch.nn.modules.activation.ELU
2009;2019;100-1000;base;0.0;0.06724923104047775;0.10939817565507477;5;30;[128, 256, 512, 128];torch.nn.modules.activation.ELU
2009;2019;100-1000;base;0.0;0.06800978630781174;0.0925040502445643;7;30;[128, 256, 512, 128];torch.nn.modules.activation.ELU
2009;2019;100-1000;base;0.3;0.06541068106889725;0.15947130306025645;3;20;[256, 512, 128];torch.nn.modules.activation.ReLU
2009;2019;100-1000;base;0.3;0.06431161612272263;0.16231242288666028;5;20;[256, 512, 128];torch.nn.modules.activation.ReLU
2009;2019;100-1000;base;0.3;0.06811635941267014;0.12212389349142956;7;20;[256, 512, 128];torch.nn.modules.activation.ReLU
2009;2019;100-1000;base;0.3;0.06496290862560272;0.1503869316693119;3;30;[256, 512, 128];torch.nn.modules.activation.ReLU
2009;2019;100-1000;base;0.3;0.06496459245681763;0.15184509985092653;5;30;[256, 512, 128];torch.nn.modules.activation.ReLU
2009;2019;100-1000;base;0.3;0.0668957307934761;0.1438714421069041;7;30;[256, 512, 128];torch.nn.modules.activation.ReLU
2009;2019;100-1000;base;0.3;0.06477242708206177;0.17005797817359092;3;20;[128, 256, 512, 128];torch.nn.modules.activation.ReLU
2009;2019;100-1000;base;0.3;0.06551376730203629;0.1620442807961268;5;20;[128, 256, 512, 128];torch.nn.modules.activation.ReLU
2009;2019;100-1000;base;0.3;0.06583045423030853;0.15155788853227584;7;20;[128, 256, 512, 128];torch.nn.modules.activation.ReLU
2009;2019;100-1000;base;0.3;0.06518399715423584;0.16205364507547762;5;30;[128, 256, 512, 128];torch.nn.modules.activation.ReLU
2009;2019;100-1000;base;0.3;0.0660310760140419;0.1599864543017339;7;30;[128, 256, 512, 128];torch.nn.modules.activation.ReLU
2009;2019;100-1000;base;0.3;0.06540278345346451;0.15569067539562761;5;20;[256, 512, 128];torch.nn.modules.activation.ELU
2009;2019;100-1000;base;0.3;0.06526995450258255;0.1610368543431752;7;20;[256, 512, 128];torch.nn.modules.activation.ELU
2009;2019;100-1000;base;0.3;0.0658436268568039;0.1547861848258932;3;30;[256, 512, 128];torch.nn.modules.activation.ELU
2009;2019;100-1000;base;0.3;0.06515394151210785;0.1460016558508527;5;30;[256, 512, 128];torch.nn.modules.activation.ELU
2009;2019;100-1000;base;0.3;0.06520964950323105;0.11910599558391936;7;30;[256, 512, 128];torch.nn.modules.activation.ELU
2009;2019;100-1000;base;0.3;0.06513133645057678;0.13191386938221975;3;20;[128, 256, 512, 128];torch.nn.modules.activation.ELU
2009;2019;100-1000;base;0.3;0.06544031202793121;0.16136272658123227;5;20;[128, 256, 512, 128];torch.nn.modules.activation.ELU
2009;2019;100-1000;base;0.3;0.06599560379981995;0.16783237911286975;7;20;[128, 256, 512, 128];torch.nn.modules.activation.ELU
2009;2019;100-1000;base;0.3;0.0657266154885292;0.15684851131910574;3;30;[128, 256, 512, 128];torch.nn.modules.activation.ELU
2009;2019;100-1000;base;0.3;0.06492152810096741;0.15580141392735483;5;30;[128, 256, 512, 128];torch.nn.modules.activation.ELU
2009;2019;100-1000;base;0.3;0.06689637154340744;0.1394860019401983;7;30;[128, 256, 512, 128];torch.nn.modules.activation.ELU
2009;2019;None;base;0.0001;1.9548943042755127;0.05427656450241097;3;20;[256, 512, 128];torch.nn.modules.activation.ReLU
2009;2019;None;base;0.0001;1.790319561958313;0.039135528357970475;5;20;[256, 512, 128];torch.nn.modules.activation.ReLU
2009;2019;None;base;0.0001;1.959696650505066;0.0855532142787862;7;20;[256, 512, 128];torch.nn.modules.activation.ReLU
2009;2019;None;base;0.0001;1.950558066368103;0.08323329310126198;3;30;[256, 512, 128];torch.nn.modules.activation.ReLU
2009;2019;None;base;0.0001;2.0761559009552;0.05759433028369588;5;30;[256, 512, 128];torch.nn.modules.activation.ReLU
2009;2019;None;base;0.0001;1.965183973312378;0.0577496006810504;7;30;[256, 512, 128];torch.nn.modules.activation.ReLU
2009;2019;None;base;0.0001;1.4863241910934448;0.10695140359244959;3;20;[128, 256, 512, 128];torch.nn.modules.activation.ReLU
2009;2019;None;base;0.0001;1.478758692741394;0.09841361788568263;5;20;[128, 256, 512, 128];torch.nn.modules.activation.ReLU
2009;2019;None;base;0.0001;1.5801277160644531;0.07572062906865591;7;20;[128, 256, 512, 128];torch.nn.modules.activation.ReLU
2009;2019;None;base;0.0001;1.60468590259552;0.0873530546187138;3;30;[128, 256, 512, 128];torch.nn.modules.activation.ReLU
2009;2019;None;base;0.0001;1.573875904083252;0.0915152943619831;5;30;[128, 256, 512, 128];torch.nn.modules.activation.ReLU
2009;2019;None;base;0.0001;1.6061515808105469;0.09100651969160951;7;30;[128, 256, 512, 128];torch.nn.modules.activation.ReLU
2009;2019;None;base;0.0001;1.942832350730896;0.06819505472134374;3;20;[256, 512, 128];torch.nn.modules.activation.ELU
2009;2019;None;base;0.0001;1.7014914751052856;0.0766961194920704;5;20;[256, 512, 128];torch.nn.modules.activation.ELU
2009;2019;None;base;0.0001;1.743137001991272;0.05994081043141138;7;20;[256, 512, 128];torch.nn.modules.activation.ELU
2009;2019;None;base;0.0001;2.0015032291412354;0.0740143959433942;3;30;[256, 512, 128];torch.nn.modules.activation.ELU
2009;2019;None;base;0.0001;1.9275473356246948;0.06792638230573457;5;30;[256, 512, 128];torch.nn.modules.activation.ELU
2009;2019;None;base;0.0001;1.5192110538482666;0.11199683245559729;7;30;[256, 512, 128];torch.nn.modules.activation.ELU
2009;2019;None;base;0.0001;1.476926565170288;0.10289345088694879;3;20;[128, 256, 512, 128];torch.nn.modules.activation.ELU
2009;2019;None;base;0.0001;1.5637116432189941;0.10738793787611095;5;20;[128, 256, 512, 128];torch.nn.modules.activation.ELU
2009;2019;None;base;0.0001;1.4412144422531128;0.08846008858128711;7;20;[128, 256, 512, 128];torch.nn.modules.activation.ELU
2009;2019;None;base;0.0001;1.563585638999939;0.09264771855117977;3;30;[128, 256, 512, 128];torch.nn.modules.activation.ELU
2009;2019;None;base;0.0001;1.610762119293213;0.07237566912063377;5;30;[128, 256, 512, 128];torch.nn.modules.activation.ELU
2009;2019;None;base;0.0001;1.7417415380477905;0.10355473038046024;7;30;[128, 256, 512, 128];torch.nn.modules.activation.ELU
2009;2019;None;base;0.003;653.2249755859375;0.044972657483891045;3;20;[256, 512, 128];torch.nn.modules.activation.ReLU
2009;2019;None;base;0.003;10596.3330078125;0.0486855035278402;5;20;[256, 512, 128];torch.nn.modules.activation.ReLU
2009;2019;None;base;0.003;15787.7421875;0.06039118339138418;7;20;[256, 512, 128];torch.nn.modules.activation.ReLU
2009;2019;None;base;0.003;23715.138671875;0.046001934551933715;3;30;[256, 512, 128];torch.nn.modules.activation.ReLU
2009;2019;None;base;0.003;27941.076171875;0.04635703072992003;5;30;[256, 512, 128];torch.nn.modules.activation.ReLU
2009;2019;None;base;0.003;5417.51318359375;0.07312690830281614;7;30;[256, 512, 128];torch.nn.modules.activation.ReLU
2009;2019;None;base;0.003;5920.01123046875;0.0866901835977563;3;20;[128, 256, 512, 128];torch.nn.modules.activation.ReLU
2009;2019;None;base;0.003;4731.91748046875;0.08177993350392614;5;20;[128, 256, 512, 128];torch.nn.modules.activation.ReLU
2009;2019;None;base;0.003;23344.28125;0.054430624681163366;7;20;[128, 256, 512, 128];torch.nn.modules.activation.ReLU
2009;2019;None;base;0.003;10399.787109375;0.05923985595589101;3;30;[128, 256, 512, 128];torch.nn.modules.activation.ReLU
2009;2019;None;base;0.003;792.9153442382812;0.08924450288462238;5;30;[128, 256, 512, 128];torch.nn.modules.activation.ReLU
2009;2019;None;base;0.003;21538.958984375;0.04000060488502162;7;30;[128, 256, 512, 128];torch.nn.modules.activation.ReLU
2009;2019;None;base;0.003;2743.193359375;0.0847190153110214;3;20;[256, 512, 128];torch.nn.modules.activation.ELU
2009;2019;None;base;0.003;1849.8980712890625;0.05246179158343512;5;20;[256, 512, 128];torch.nn.modules.activation.ELU
2009;2019;None;base;0.003;31463.091796875;0.07176709282904485;7;20;[256, 512, 128];torch.nn.modules.activation.ELU
2009;2019;None;base;0.003;49301.59375;0.028735907220431674;3;30;[256, 512, 128];torch.nn.modules.activation.ELU
2009;2019;None;base;0.003;6999.36181640625;0.061402803245120464;5;30;[256, 512, 128];torch.nn.modules.activation.ELU
2009;2019;None;base;0.003;12366.376953125;0.036112986518024394;7;30;[256, 512, 128];torch.nn.modules.activation.ELU
2009;2019;None;base;0.003;32155.9453125;0.06702824091331237;3;20;[128, 256, 512, 128];torch.nn.modules.activation.ELU
2009;2019;None;base;0.003;33939.85546875;0.07840726607159981;5;20;[128, 256, 512, 128];torch.nn.modules.activation.ELU
2009;2019;None;base;0.003;572.5030517578125;0.06705808475975517;7;20;[128, 256, 512, 128];torch.nn.modules.activation.ELU
2009;2019;None;base;0.003;3575.24462890625;0.06709709170472644;3;30;[128, 256, 512, 128];torch.nn.modules.activation.ELU
2009;2019;None;base;0.003;10409.2529296875;0.05835787408077615;5;30;[128, 256, 512, 128];torch.nn.modules.activation.ELU
2009;2019;None;base;0.003;19936.33984375;0.022930654226009994;7;30;[128, 256, 512, 128];torch.nn.modules.activation.ELU
2009;2019;None;base;0.0;1.6888178586959839;0.06137996062027073;3;20;[256, 512, 128];torch.nn.modules.activation.ReLU
2009;2019;None;base;0.0;2.008260726928711;0.07945449020692927;5;20;[256, 512, 128];torch.nn.modules.activation.ReLU
2009;2019;None;base;0.0;2.1111881732940674;0.007066476512004676;7;20;[256, 512, 128];torch.nn.modules.activation.ReLU
2009;2019;None;base;0.0;2.260042667388916;0.03815406933955421;3;30;[256, 512, 128];torch.nn.modules.activation.ReLU
2009;2019;None;base;0.0;1.9789073467254639;0.06954814900612154;5;30;[256, 512, 128];torch.nn.modules.activation.ReLU
2009;2019;None;base;0.0;2.0805554389953613;0.07896462690032151;7;30;[256, 512, 128];torch.nn.modules.activation.ReLU
2009;2019;None;base;0.0;1.807325005531311;0.0615376102070572;3;20;[128, 256, 512, 128];torch.nn.modules.activation.ReLU
2009;2019;None;base;0.0;1.6402782201766968;0.07413217352583314;5;20;[128, 256, 512, 128];torch.nn.modules.activation.ReLU
2009;2019;None;base;0.0;1.6655710935592651;0.08942238273835236;7;20;[128, 256, 512, 128];torch.nn.modules.activation.ReLU
2009;2019;None;base;0.0;1.7393156290054321;0.06553760465400711;3;30;[128, 256, 512, 128];torch.nn.modules.activation.ReLU
2009;2019;None;base;0.0;1.545877456665039;0.07996643439505771;5;30;[128, 256, 512, 128];torch.nn.modules.activation.ReLU
2009;2019;None;base;0.0;1.748498558998108;0.05666835910793608;7;30;[128, 256, 512, 128];torch.nn.modules.activation.ReLU
2009;2019;None;base;0.0;2.04734206199646;0.06588027489175517;3;20;[256, 512, 128];torch.nn.modules.activation.ELU
2009;2019;None;base;0.0;1.998792290687561;0.06847340330298864;5;20;[256, 512, 128];torch.nn.modules.activation.ELU
2009;2019;None;base;0.0;1.835278034210205;0.08123313736127676;7;20;[256, 512, 128];torch.nn.modules.activation.ELU
2009;2019;None;base;0.0;1.8324054479599;0.07656523962029073;3;30;[256, 512, 128];torch.nn.modules.activation.ELU
2009;2019;None;base;0.0;1.984862208366394;0.0525504261776894;5;30;[256, 512, 128];torch.nn.modules.activation.ELU
2009;2019;None;base;0.0;1.809497356414795;0.04272716550212463;7;30;[256, 512, 128];torch.nn.modules.activation.ELU
2009;2019;None;base;0.0;1.5716407299041748;0.10036834763940639;3;20;[128, 256, 512, 128];torch.nn.modules.activation.ELU
2009;2019;None;base;0.0;1.8566573858261108;0.07171421117279948;5;20;[128, 256, 512, 128];torch.nn.modules.activation.ELU
2009;2019;None;base;0.0;1.4300929307937622;0.06559193100262724;7;20;[128, 256, 512, 128];torch.nn.modules.activation.ELU
2009;2019;None;base;0.0;1.600487232208252;0.067501544071688;3;30;[128, 256, 512, 128];torch.nn.modules.activation.ELU
2009;2019;None;base;0.0;1.5431309938430786;0.05929053648302899;5;30;[128, 256, 512, 128];torch.nn.modules.activation.ELU
2009;2019;None;base;0.0;1.4468786716461182;0.07582930259306919;7;30;[128, 256, 512, 128];torch.nn.modules.activation.ELU
2009;2019;None;base;0.3;2.450313091278076;0.12285846241718605;3;20;[256, 512, 128];torch.nn.modules.activation.ReLU
2009;2019;None;base;0.3;2.1090540885925293;0.08909642638644925;5;20;[256, 512, 128];torch.nn.modules.activation.ReLU
2009;2019;None;base;0.3;2.72341251373291;0.11373604529254501;7;20;[256, 512, 128];torch.nn.modules.activation.ReLU
2009;2019;None;base;0.3;2.293062686920166;0.1124208224837248;3;30;[256, 512, 128];torch.nn.modules.activation.ReLU
2009;2019;None;base;0.3;2.375899076461792;0.11976016681809416;5;30;[256, 512, 128];torch.nn.modules.activation.ReLU
2009;2019;None;base;0.3;2.4394266605377197;0.11200253559995145;7;30;[256, 512, 128];torch.nn.modules.activation.ReLU
2009;2019;None;base;0.3;1.8768916130065918;0.0981780522788371;3;20;[128, 256, 512, 128];torch.nn.modules.activation.ReLU
2009;2019;None;base;0.3;1.7378932237625122;0.11593369895028048;5;20;[128, 256, 512, 128];torch.nn.modules.activation.ReLU
2009;2019;None;base;0.3;1.368240475654602;0.11142057695312983;7;20;[128, 256, 512, 128];torch.nn.modules.activation.ReLU
2009;2019;None;base;0.3;1.7337040901184082;0.11124393181286325;3;30;[128, 256, 512, 128];torch.nn.modules.activation.ReLU
2009;2019;None;base;0.3;1.708899974822998;0.10025396534313359;5;30;[128, 256, 512, 128];torch.nn.modules.activation.ReLU
2009;2019;None;base;0.3;1.6759225130081177;0.0904874362167124;7;30;[128, 256, 512, 128];torch.nn.modules.activation.ReLU
2009;2019;None;base;0.3;1.8620409965515137;0.09802888358426846;3;20;[256, 512, 128];torch.nn.modules.activation.ELU
2009;2019;None;base;0.3;2.7028276920318604;0.06571875815379927;5;20;[256, 512, 128];torch.nn.modules.activation.ELU
2009;2019;None;base;0.3;2.159883499145508;0.10801057925942466;7;20;[256, 512, 128];torch.nn.modules.activation.ELU
2009;2019;None;base;0.3;1.8146189451217651;0.09746106845285896;3;30;[256, 512, 128];torch.nn.modules.activation.ELU
2009;2019;None;base;0.3;1.8614083528518677;0.07958259611940759;5;30;[256, 512, 128];torch.nn.modules.activation.ELU
2009;2019;None;base;0.3;1.9734553098678589;0.10919568450746214;7;30;[256, 512, 128];torch.nn.modules.activation.ELU
2009;2019;None;base;0.3;1.738847017288208;0.10775322357060801;3;20;[128, 256, 512, 128];torch.nn.modules.activation.ELU
2009;2019;None;base;0.3;1.5097289085388184;0.10937476569442894;5;20;[128, 256, 512, 128];torch.nn.modules.activation.ELU
2009;2019;None;base;0.3;2.09767484664917;0.12201193334815258;7;20;[128, 256, 512, 128];torch.nn.modules.activation.ELU
2009;2019;None;base;0.3;1.6690709590911865;0.12255736030373586;3;30;[128, 256, 512, 128];torch.nn.modules.activation.ELU
2009;2019;None;base;0.3;2.0772812366485596;0.11308053034618377;5;30;[128, 256, 512, 128];torch.nn.modules.activation.ELU
2009;2019;None;base;0.3;1.816908597946167;0.10209131113752819;7;30;[128, 256, 512, 128];torch.nn.modules.activation.ELU
2009;2019;100-1000;low;0.0001;0.07142703235149384;0.13353805701578184;3;20;[256, 512, 128];torch.nn.modules.activation.ReLU
2009;2019;100-1000;low;0.0001;0.07159397006034851;0.1321685348878362;5;20;[256, 512, 128];torch.nn.modules.activation.ReLU
2009;2019;100-1000;low;0.0001;0.072029709815979;0.12752496645250622;7;20;[256, 512, 128];torch.nn.modules.activation.ReLU
2009;2019;100-1000;low;0.0001;0.07138992100954056;0.13973020983371684;5;30;[256, 512, 128];torch.nn.modules.activation.ReLU
2009;2019;100-1000;low;0.0001;0.07111137360334396;0.1378088927677336;7;30;[256, 512, 128];torch.nn.modules.activation.ReLU
2009;2019;100-1000;low;0.0001;0.0725373700261116;0.12118936980832799;3;20;[128, 256, 512, 128];torch.nn.modules.activation.ReLU
2009;2019;100-1000;low;0.0001;0.07267212122678757;0.12201771244961375;5;20;[128, 256, 512, 128];torch.nn.modules.activation.ReLU
2009;2019;100-1000;low;0.0001;0.07274894416332245;0.11360970875309244;7;20;[128, 256, 512, 128];torch.nn.modules.activation.ReLU
2009;2019;100-1000;low;0.0001;0.07173548638820648;0.12325188089468514;3;30;[128, 256, 512, 128];torch.nn.modules.activation.ReLU
2009;2019;100-1000;low;0.0001;0.07199469953775406;0.12143388828511513;5;30;[128, 256, 512, 128];torch.nn.modules.activation.ReLU
2009;2019;100-1000;low;0.0001;0.07355192303657532;0.12450664625247425;7;30;[128, 256, 512, 128];torch.nn.modules.activation.ReLU
2009;2019;100-1000;low;0.0001;0.07147425413131714;0.13598473796703517;3;20;[256, 512, 128];torch.nn.modules.activation.ELU
2009;2019;100-1000;low;0.0001;0.07165651768445969;0.1308102112532078;5;20;[256, 512, 128];torch.nn.modules.activation.ELU
2009;2019;100-1000;low;0.0001;0.07110774517059326;0.13297935291650925;7;20;[256, 512, 128];torch.nn.modules.activation.ELU
2009;2019;100-1000;low;0.0001;0.07125590741634369;0.13948287308332102;3;30;[256, 512, 128];torch.nn.modules.activation.ELU
2009;2019;100-1000;low;0.0001;0.07132263481616974;0.1351497665157515;5;30;[256, 512, 128];torch.nn.modules.activation.ELU
2009;2019;100-1000;low;0.0001;0.07110228389501572;0.13596750610491862;7;30;[256, 512, 128];torch.nn.modules.activation.ELU
2009;2019;100-1000;low;0.0001;0.07424507290124893;0.10983460534661339;3;20;[128, 256, 512, 128];torch.nn.modules.activation.ELU
2009;2019;100-1000;low;0.0001;0.0725661888718605;0.1194652615298532;5;20;[128, 256, 512, 128];torch.nn.modules.activation.ELU
2009;2019;100-1000;low;0.0001;0.07420957088470459;0.10043958284695127;7;20;[128, 256, 512, 128];torch.nn.modules.activation.ELU
2009;2019;100-1000;low;0.0001;0.07241881638765335;0.11478389129131543;3;30;[128, 256, 512, 128];torch.nn.modules.activation.ELU
2009;2019;100-1000;low;0.0001;0.0732392743229866;0.1081232555317125;5;30;[128, 256, 512, 128];torch.nn.modules.activation.ELU
2009;2019;100-1000;low;0.0001;0.0720394104719162;0.12357020336313936;7;30;[128, 256, 512, 128];torch.nn.modules.activation.ELU
2009;2019;100-1000;low;0.003;0.06741201877593994;0.169201625350754;3;20;[256, 512, 128];torch.nn.modules.activation.ReLU
2009;2019;100-1000;low;0.003;0.06695152819156647;0.16968902368802882;5;20;[256, 512, 128];torch.nn.modules.activation.ReLU
2009;2019;100-1000;low;0.003;0.06712789088487625;0.17212381174250055;7;20;[256, 512, 128];torch.nn.modules.activation.ReLU
2009;2019;100-1000;low;0.003;0.06707503646612167;0.17364470548783395;3;30;[256, 512, 128];torch.nn.modules.activation.ReLU
2009;2019;100-1000;low;0.003;0.06689244508743286;0.1750749476638087;5;30;[256, 512, 128];torch.nn.modules.activation.ReLU
2009;2019;100-1000;low;0.003;0.06728766113519669;0.1721279616808974;7;30;[256, 512, 128];torch.nn.modules.activation.ReLU
2009;2019;100-1000;low;0.003;0.06783156096935272;0.15311114210488277;3;20;[128, 256, 512, 128];torch.nn.modules.activation.ReLU
2009;2019;100-1000;low;0.003;0.067911297082901;0.1614868769037524;5;20;[128, 256, 512, 128];torch.nn.modules.activation.ReLU
2009;2019;100-1000;low;0.003;0.06976137310266495;0.14030096998841382;7;20;[128, 256, 512, 128];torch.nn.modules.activation.ReLU
2009;2019;100-1000;low;0.003;0.06739005446434021;0.1594683644319786;3;30;[128, 256, 512, 128];torch.nn.modules.activation.ReLU
2009;2019;100-1000;low;0.003;0.06826558709144592;0.15183982268937465;5;30;[128, 256, 512, 128];torch.nn.modules.activation.ReLU
2009;2019;100-1000;low;0.003;0.07041396200656891;0.14897013975067824;7;30;[128, 256, 512, 128];torch.nn.modules.activation.ReLU
2009;2019;100-1000;low;0.003;0.06678248196840286;0.17458961619145338;3;20;[256, 512, 128];torch.nn.modules.activation.ELU
2009;2019;100-1000;low;0.003;0.06685615330934525;0.1719840334054837;5;20;[256, 512, 128];torch.nn.modules.activation.ELU
2009;2019;100-1000;low;0.003;0.06703010201454163;0.17248786843741884;7;20;[256, 512, 128];torch.nn.modules.activation.ELU
2009;2019;100-1000;low;0.003;0.06686917692422867;0.17228358303952115;5;30;[256, 512, 128];torch.nn.modules.activation.ELU
2009;2019;100-1000;low;0.003;0.06695395708084106;0.17441589162528773;7;30;[256, 512, 128];torch.nn.modules.activation.ELU
2009;2019;100-1000;low;0.003;0.07014158368110657;0.1378881631522941;3;20;[128, 256, 512, 128];torch.nn.modules.activation.ELU
2009;2019;100-1000;low;0.003;0.06763134896755219;0.15893893277370977;5;20;[128, 256, 512, 128];torch.nn.modules.activation.ELU
2009;2019;100-1000;low;0.003;0.06774714589118958;0.15221924213770074;7;20;[128, 256, 512, 128];torch.nn.modules.activation.ELU
2009;2019;100-1000;low;0.003;0.06755026429891586;0.164834679222525;3;30;[128, 256, 512, 128];torch.nn.modules.activation.ELU
2009;2019;100-1000;low;0.003;0.06779219955205917;0.1564205509209302;5;30;[128, 256, 512, 128];torch.nn.modules.activation.ELU
2009;2019;100-1000;low;0.003;0.06716875731945038;0.147876938357033;7;30;[128, 256, 512, 128];torch.nn.modules.activation.ELU
2009;2019;100-1000;low;0.0;0.06743776053190231;0.15679305957619546;3;20;[256, 512, 128];torch.nn.modules.activation.ReLU
2009;2019;100-1000;low;0.0;0.06770939379930496;0.15463347306567615;5;20;[256, 512, 128];torch.nn.modules.activation.ReLU
2009;2019;100-1000;low;0.0;0.06763198971748352;0.1525646043532967;7;20;[256, 512, 128];torch.nn.modules.activation.ReLU
2009;2019;100-1000;low;0.0;0.06761792302131653;0.15791997539226285;3;30;[256, 512, 128];torch.nn.modules.activation.ReLU
2009;2019;100-1000;low;0.0;0.066947340965271;0.15884179360297376;5;30;[256, 512, 128];torch.nn.modules.activation.ReLU
2009;2019;100-1000;low;0.0;0.06727700680494308;0.153120578834104;7;30;[256, 512, 128];torch.nn.modules.activation.ReLU
2009;2019;100-1000;low;0.0;0.06928890198469162;0.1381016068280476;3;20;[128, 256, 512, 128];torch.nn.modules.activation.ReLU
2009;2019;100-1000;low;0.0;0.06863316148519516;0.12847078846126017;5;20;[128, 256, 512, 128];torch.nn.modules.activation.ReLU
2009;2019;100-1000;low;0.0;0.0682816281914711;0.12264408557006505;7;20;[128, 256, 512, 128];torch.nn.modules.activation.ReLU
2009;2019;100-1000;low;0.0;0.06820102781057358;0.14216353245716137;3;30;[128, 256, 512, 128];torch.nn.modules.activation.ReLU
2009;2019;100-1000;low;0.0;0.06893611699342728;0.14356690209477352;5;30;[128, 256, 512, 128];torch.nn.modules.activation.ReLU
2009;2019;100-1000;low;0.0;0.06880586594343185;0.1430973914489554;7;30;[128, 256, 512, 128];torch.nn.modules.activation.ReLU
2009;2019;100-1000;low;0.0;0.06768010556697845;0.1524045678503751;3;20;[256, 512, 128];torch.nn.modules.activation.ELU
2009;2019;100-1000;low;0.0;0.06751947849988937;0.15400199556698027;5;20;[256, 512, 128];torch.nn.modules.activation.ELU
2009;2019;100-1000;low;0.0;0.06802183389663696;0.15230139179705807;7;20;[256, 512, 128];torch.nn.modules.activation.ELU
2009;2019;100-1000;low;0.0;0.06737939268350601;0.15790940742083415;3;30;[256, 512, 128];torch.nn.modules.activation.ELU
2009;2019;100-1000;low;0.0;0.06724201887845993;0.16046059541356494;5;30;[256, 512, 128];torch.nn.modules.activation.ELU
2009;2019;100-1000;low;0.0;0.06805184483528137;0.15411462941137313;7;30;[256, 512, 128];torch.nn.modules.activation.ELU
2009;2019;100-1000;low;0.0;0.06878091394901276;0.1361908296387852;3;20;[128, 256, 512, 128];torch.nn.modules.activation.ELU
2009;2019;100-1000;low;0.0;0.06951823085546494;0.14321366724648193;5;20;[128, 256, 512, 128];torch.nn.modules.activation.ELU
2009;2019;100-1000;low;0.0;0.06887282431125641;0.1374958996959093;7;20;[128, 256, 512, 128];torch.nn.modules.activation.ELU
2009;2019;100-1000;low;0.0;0.06842393428087234;0.13822753182618228;3;30;[128, 256, 512, 128];torch.nn.modules.activation.ELU
2009;2019;100-1000;low;0.0;0.06829121708869934;0.14610160308665152;5;30;[128, 256, 512, 128];torch.nn.modules.activation.ELU
2009;2019;100-1000;low;0.0;0.06906066834926605;0.13215507352316833;7;30;[128, 256, 512, 128];torch.nn.modules.activation.ELU
2009;2019;100-1000;low;0.3;0.06841474026441574;0.1297592959927105;3;20;[256, 512, 128];torch.nn.modules.activation.ReLU
2009;2019;100-1000;low;0.3;0.06831710040569305;0.12910027945063562;5;20;[256, 512, 128];torch.nn.modules.activation.ReLU
2009;2019;100-1000;low;0.3;0.06842686980962753;0.13349926130812437;7;20;[256, 512, 128];torch.nn.modules.activation.ReLU
2009;2019;100-1000;low;0.3;0.06799846887588501;0.1356007896348629;3;30;[256, 512, 128];torch.nn.modules.activation.ReLU
2009;2019;100-1000;low;0.3;0.06807994097471237;0.1361576770381193;5;30;[256, 512, 128];torch.nn.modules.activation.ReLU
2009;2019;100-1000;low;0.3;0.06792939454317093;0.13455619114116327;7;30;[256, 512, 128];torch.nn.modules.activation.ReLU
2009;2019;100-1000;low;0.3;0.07251575589179993;0.10846457055783465;3;20;[128, 256, 512, 128];torch.nn.modules.activation.ReLU
2009;2019;100-1000;low;0.3;0.06913668662309647;0.11253985345320594;5;20;[128, 256, 512, 128];torch.nn.modules.activation.ReLU
2009;2019;100-1000;low;0.3;0.06988700479269028;0.10902357352943072;7;20;[128, 256, 512, 128];torch.nn.modules.activation.ReLU
2009;2019;100-1000;low;0.3;0.06880150735378265;0.1222159538861227;3;30;[128, 256, 512, 128];torch.nn.modules.activation.ReLU
2009;2019;100-1000;low;0.3;0.06993114948272705;0.11820643152474768;5;30;[128, 256, 512, 128];torch.nn.modules.activation.ReLU
2009;2019;100-1000;low;0.3;0.06927819550037384;0.12417535792818142;7;30;[128, 256, 512, 128];torch.nn.modules.activation.ReLU
2009;2019;100-1000;low;0.3;0.06841254234313965;0.1312012161197521;3;20;[256, 512, 128];torch.nn.modules.activation.ELU
2009;2019;100-1000;low;0.3;0.06835894286632538;0.12781218576884365;5;20;[256, 512, 128];torch.nn.modules.activation.ELU
2009;2019;100-1000;low;0.3;0.06842142343521118;0.13438457357083078;7;20;[256, 512, 128];torch.nn.modules.activation.ELU
2009;2019;100-1000;low;0.3;0.06829904764890671;0.13213742466500103;3;30;[256, 512, 128];torch.nn.modules.activation.ELU
2009;2019;100-1000;low;0.3;0.06753426790237427;0.14105657440188354;5;30;[256, 512, 128];torch.nn.modules.activation.ELU
2009;2019;100-1000;low;0.3;0.06777424365282059;0.1352490395684505;7;30;[256, 512, 128];torch.nn.modules.activation.ELU
2009;2019;100-1000;low;0.3;0.07149401307106018;0.10405081255924076;3;20;[128, 256, 512, 128];torch.nn.modules.activation.ELU
2009;2019;100-1000;low;0.3;0.07140574604272842;0.09861567481295024;5;20;[128, 256, 512, 128];torch.nn.modules.activation.ELU
2009;2019;100-1000;low;0.3;0.06914927810430527;0.11838138188481817;7;20;[128, 256, 512, 128];torch.nn.modules.activation.ELU
2009;2019;100-1000;low;0.3;0.0693395733833313;0.12464990845628794;3;30;[128, 256, 512, 128];torch.nn.modules.activation.ELU
2009;2019;100-1000;low;0.3;0.06892815977334976;0.11625557260226788;5;30;[128, 256, 512, 128];torch.nn.modules.activation.ELU
2009;2019;100-1000;low;0.3;0.07207000255584717;0.11465616551287365;7;30;[128, 256, 512, 128];torch.nn.modules.activation.ELU
2009;2019;max100;low;0.0001;2.5251996517181396;0.00892456284503983;3;20;[256, 512, 128];torch.nn.modules.activation.ReLU
2009;2019;max100;low;0.0001;2.340209484100342;0.022512507342666434;5;20;[256, 512, 128];torch.nn.modules.activation.ReLU
2009;2019;max100;low;0.0001;2.3067259788513184;0.047405766011842175;7;20;[256, 512, 128];torch.nn.modules.activation.ReLU
2009;2019;max100;low;0.0001;2.3114242553710938;0.006594338250858475;3;30;[256, 512, 128];torch.nn.modules.activation.ReLU
2009;2019;max100;low;0.0001;2.3023183345794678;0.019869975071496362;5;30;[256, 512, 128];torch.nn.modules.activation.ReLU
2009;2019;max100;low;0.0001;1.893815517425537;0.06062486333390265;3;20;[128, 256, 512, 128];torch.nn.modules.activation.ReLU
2009;2019;max100;low;0.0001;2.0146310329437256;0.07613794476057985;5;20;[128, 256, 512, 128];torch.nn.modules.activation.ReLU
2009;2019;max100;low;0.0001;1.8409671783447266;0.052693910635202755;7;20;[128, 256, 512, 128];torch.nn.modules.activation.ReLU
2009;2019;max100;low;0.0001;1.978989601135254;0.029322981603019216;3;30;[128, 256, 512, 128];torch.nn.modules.activation.ReLU
2009;2019;max100;low;0.0001;2.0107192993164062;0.05556243392048871;5;30;[128, 256, 512, 128];torch.nn.modules.activation.ReLU
2009;2019;max100;low;0.0001;1.9525647163391113;0.06156963540867919;7;30;[128, 256, 512, 128];torch.nn.modules.activation.ReLU
2009;2019;max100;low;0.0001;2.2223174571990967;0.023844058463045676;5;20;[256, 512, 128];torch.nn.modules.activation.ELU
2009;2019;max100;low;0.0001;2.243347644805908;0.002580581201002758;7;20;[256, 512, 128];torch.nn.modules.activation.ELU
2009;2019;max100;low;0.0001;2.082930088043213;0.015317896788142896;5;30;[256, 512, 128];torch.nn.modules.activation.ELU
2009;2019;max100;low;0.0001;2.072105646133423;0.06146265427718294;3;20;[128, 256, 512, 128];torch.nn.modules.activation.ELU
2009;2019;max100;low;0.0001;1.8477482795715332;0.07249511577145384;5;20;[128, 256, 512, 128];torch.nn.modules.activation.ELU
2009;2019;max100;low;0.0001;2.3324856758117676;0.07624109805782188;7;20;[128, 256, 512, 128];torch.nn.modules.activation.ELU
2009;2019;max100;low;0.0001;1.9018528461456299;0.054441299606332795;3;30;[128, 256, 512, 128];torch.nn.modules.activation.ELU
2009;2019;max100;low;0.0001;2.2937803268432617;0.03935986600346833;5;30;[128, 256, 512, 128];torch.nn.modules.activation.ELU
2009;2019;max100;low;0.0001;1.931197166442871;0.08124095016651273;7;30;[128, 256, 512, 128];torch.nn.modules.activation.ELU
2009;2019;max100;low;0.003;128692.1015625;0.06269996893584592;3;20;[256, 512, 128];torch.nn.modules.activation.ReLU
2009;2019;max100;low;0.003;116182.21875;0.057276897999039865;5;20;[256, 512, 128];torch.nn.modules.activation.ReLU
2009;2019;max100;low;0.003;102814.703125;0.08170923358921574;7;20;[256, 512, 128];torch.nn.modules.activation.ReLU
2009;2019;max100;low;0.003;117467.984375;0.07655940819805757;3;30;[256, 512, 128];torch.nn.modules.activation.ReLU
2009;2019;max100;low;0.003;94769.203125;0.05336910790463222;5;30;[256, 512, 128];torch.nn.modules.activation.ReLU
2009;2019;max100;low;0.003;100989.3671875;0.0693197523253574;7;30;[256, 512, 128];torch.nn.modules.activation.ReLU
2009;2019;max100;low;0.003;114735.4296875;0.12087939969450606;3;20;[128, 256, 512, 128];torch.nn.modules.activation.ReLU
2009;2019;max100;low;0.003;93092.9765625;0.12073431067685612;5;20;[128, 256, 512, 128];torch.nn.modules.activation.ReLU
2009;2019;max100;low;0.003;111853.6875;0.13037516768796964;7;20;[128, 256, 512, 128];torch.nn.modules.activation.ReLU
2009;2019;max100;low;0.003;110239.1328125;0.11715447915991938;3;30;[128, 256, 512, 128];torch.nn.modules.activation.ReLU
2009;2019;max100;low;0.003;71765.65625;0.12197856455085754;5;30;[128, 256, 512, 128];torch.nn.modules.activation.ReLU
2009;2019;max100;low;0.003;78130.3203125;0.11419208215936279;7;30;[128, 256, 512, 128];torch.nn.modules.activation.ReLU
2009;2019;max100;low;0.003;85370.9765625;0.09255106301737487;3;20;[256, 512, 128];torch.nn.modules.activation.ELU
2009;2019;max100;low;0.003;101261.3515625;0.10172995224226465;5;20;[256, 512, 128];torch.nn.modules.activation.ELU
2009;2019;max100;low;0.003;105726.984375;0.10506764047081785;7;20;[256, 512, 128];torch.nn.modules.activation.ELU
2009;2019;max100;low;0.003;97975.390625;0.04506780436746624;3;30;[256, 512, 128];torch.nn.modules.activation.ELU
2009;2019;max100;low;0.003;103666.6015625;0.062457922072818396;5;30;[256, 512, 128];torch.nn.modules.activation.ELU
2009;2019;max100;low;0.003;135012.046875;0.04570304507916507;7;30;[256, 512, 128];torch.nn.modules.activation.ELU
2009;2019;max100;low;0.003;84949.1484375;0.12310279498775721;3;20;[128, 256, 512, 128];torch.nn.modules.activation.ELU
2009;2019;max100;low;0.003;78591.71875;0.12422834841037929;5;20;[128, 256, 512, 128];torch.nn.modules.activation.ELU
2009;2019;max100;low;0.003;89740.921875;0.11743495576770396;7;20;[128, 256, 512, 128];torch.nn.modules.activation.ELU
2009;2019;max100;low;0.003;109609.8671875;0.1017212991639962;3;30;[128, 256, 512, 128];torch.nn.modules.activation.ELU
2009;2019;max100;low;0.003;112916.4140625;0.1021802645884737;5;30;[128, 256, 512, 128];torch.nn.modules.activation.ELU
2009;2019;max100;low;0.003;48585.91796875;0.12613944861784293;7;30;[128, 256, 512, 128];torch.nn.modules.activation.ELU
2009;2019;max100;low;0.0;99539.09375;0.027688354487045524;3;20;[256, 512, 128];torch.nn.modules.activation.ReLU
2009;2019;max100;low;0.0;102799.5546875;0.0031848853237400054;5;20;[256, 512, 128];torch.nn.modules.activation.ReLU
2009;2019;max100;low;0.0;125987.4765625;0.025420701476016133;7;20;[256, 512, 128];torch.nn.modules.activation.ReLU
2009;2019;max100;low;0.0;93015.0703125;0.018308839313045614;5;30;[256, 512, 128];torch.nn.modules.activation.ReLU
2009;2019;max100;low;0.0;125540.671875;0.00037124625454453924;7;30;[256, 512, 128];torch.nn.modules.activation.ReLU
2009;2019;max100;low;0.0;93782.375;0.0766300785288301;3;20;[128, 256, 512, 128];torch.nn.modules.activation.ReLU
2009;2019;max100;low;0.0;92615.4296875;0.058502194245262096;5;20;[128, 256, 512, 128];torch.nn.modules.activation.ReLU
2009;2019;max100;low;0.0;115387.3046875;0.06113759076793577;7;20;[128, 256, 512, 128];torch.nn.modules.activation.ReLU
2009;2019;max100;low;0.0;92263.5625;0.05596783951908186;3;30;[128, 256, 512, 128];torch.nn.modules.activation.ReLU
2009;2019;max100;low;0.0;96461.8671875;0.05065654916741475;5;30;[128, 256, 512, 128];torch.nn.modules.activation.ReLU
2009;2019;max100;low;0.0;106520.40625;0.08329706589326873;7;30;[128, 256, 512, 128];torch.nn.modules.activation.ReLU
2009;2019;max100;low;0.0;123268.4765625;0.03866033685830725;3;20;[256, 512, 128];torch.nn.modules.activation.ELU
2009;2019;max100;low;0.0;137571.59375;0.02687261778525422;7;20;[256, 512, 128];torch.nn.modules.activation.ELU
2009;2019;max100;low;0.0;99709.6171875;0.01971555595277519;5;30;[256, 512, 128];torch.nn.modules.activation.ELU
2009;2019;max100;low;0.0;95330.1875;0.006294254201362363;7;30;[256, 512, 128];torch.nn.modules.activation.ELU
2009;2019;max100;low;0.0;110979.8671875;0.06688980298040699;3;20;[128, 256, 512, 128];torch.nn.modules.activation.ELU
2009;2019;max100;low;0.0;111214.359375;0.07866068198360204;5;20;[128, 256, 512, 128];torch.nn.modules.activation.ELU
2009;2019;max100;low;0.0;78899.1015625;0.07160372934235942;7;20;[128, 256, 512, 128];torch.nn.modules.activation.ELU
2009;2019;max100;low;0.0;136993.484375;0.0882776111842483;3;30;[128, 256, 512, 128];torch.nn.modules.activation.ELU
2009;2019;max100;low;0.0;86218.953125;0.08522953950787908;5;30;[128, 256, 512, 128];torch.nn.modules.activation.ELU
2009;2019;max100;low;0.0;79313.359375;0.06350964167038461;7;30;[128, 256, 512, 128];torch.nn.modules.activation.ELU
2009;2019;max100;low;0.3;2.7627909183502197;0.006840214846858897;3;20;[256, 512, 128];torch.nn.modules.activation.ReLU
2009;2019;max100;low;0.3;2.822660446166992;0.025641817445974716;5;20;[256, 512, 128];torch.nn.modules.activation.ReLU
2009;2019;max100;low;0.3;2.7736759185791016;0.04966865338488017;7;20;[256, 512, 128];torch.nn.modules.activation.ReLU
2009;2019;max100;low;0.3;2.1276636123657227;0.030678410070414858;7;30;[256, 512, 128];torch.nn.modules.activation.ReLU
2009;2019;max100;low;0.3;2.76155948638916;0.0720722153521013;3;20;[128, 256, 512, 128];torch.nn.modules.activation.ReLU
2009;2019;max100;low;0.3;2.529313802719116;0.07593564269352986;5;20;[128, 256, 512, 128];torch.nn.modules.activation.ReLU
2009;2019;max100;low;0.3;2.58821439743042;0.09636561313336485;7;20;[128, 256, 512, 128];torch.nn.modules.activation.ReLU
2009;2019;max100;low;0.3;2.7093443870544434;0.08127676926620409;3;30;[128, 256, 512, 128];torch.nn.modules.activation.ReLU
2009;2019;max100;low;0.3;2.2877023220062256;0.08044938600284728;5;30;[128, 256, 512, 128];torch.nn.modules.activation.ReLU
2009;2019;max100;low;0.3;2.7025210857391357;0.08080626123260946;7;30;[128, 256, 512, 128];torch.nn.modules.activation.ReLU
2009;2019;max100;low;0.3;2.7468395233154297;0.015343053669994519;3;20;[256, 512, 128];torch.nn.modules.activation.ELU
2009;2019;max100;low;0.3;2.7968649864196777;0.04883055434514071;5;20;[256, 512, 128];torch.nn.modules.activation.ELU
2009;2019;max100;low;0.3;2.650646448135376;0.014591292329190224;7;20;[256, 512, 128];torch.nn.modules.activation.ELU
2009;2019;max100;low;0.3;2.5577964782714844;0.0031414267129108026;3;30;[256, 512, 128];torch.nn.modules.activation.ELU
2009;2019;max100;low;0.3;2.8399360179901123;0.0008543136146400357;5;30;[256, 512, 128];torch.nn.modules.activation.ELU
2009;2019;max100;low;0.3;2.774932861328125;0.04557145211996547;7;30;[256, 512, 128];torch.nn.modules.activation.ELU
2009;2019;max100;low;0.3;2.326037645339966;0.07411618685444042;3;20;[128, 256, 512, 128];torch.nn.modules.activation.ELU
2009;2019;max100;low;0.3;2.1768245697021484;0.09779612403899256;5;20;[128, 256, 512, 128];torch.nn.modules.activation.ELU
2009;2019;max100;low;0.3;2.9110097885131836;0.09160759799806843;7;20;[128, 256, 512, 128];torch.nn.modules.activation.ELU
2009;2019;max100;low;0.3;2.516897678375244;0.09770802823114631;3;30;[128, 256, 512, 128];torch.nn.modules.activation.ELU
2009;2019;max100;low;0.3;2.325226306915283;0.08571103417346561;5;30;[128, 256, 512, 128];torch.nn.modules.activation.ELU
2009;2019;max100;low;0.3;2.588860273361206;0.09248400136602453;7;30;[128, 256, 512, 128];torch.nn.modules.activation.ELU
2009;2019;None;low;0.0001;1.4297964572906494;0.09565236091317315;3;20;[256, 512, 128];torch.nn.modules.activation.ReLU
2009;2019;None;low;0.0001;1.3401180505752563;0.10439339050821561;5;20;[256, 512, 128];torch.nn.modules.activation.ReLU
2009;2019;None;low;0.0001;1.3530268669128418;0.09970610539386505;7;20;[256, 512, 128];torch.nn.modules.activation.ReLU
2009;2019;None;low;0.0001;1.6836621761322021;0.09750101448895121;3;30;[256, 512, 128];torch.nn.modules.activation.ReLU
2009;2019;None;low;0.0001;1.2759449481964111;0.08076106888452111;5;30;[256, 512, 128];torch.nn.modules.activation.ReLU
2009;2019;None;low;0.0001;1.519618272781372;0.09697191407006489;7;30;[256, 512, 128];torch.nn.modules.activation.ReLU
2009;2019;None;low;0.0001;1.1880779266357422;0.10640997378804688;3;20;[128, 256, 512, 128];torch.nn.modules.activation.ReLU
2009;2019;None;low;0.0001;1.2549290657043457;0.10650637479950097;5;20;[128, 256, 512, 128];torch.nn.modules.activation.ReLU
2009;2019;None;low;0.0001;1.2437986135482788;0.10364418595772044;7;20;[128, 256, 512, 128];torch.nn.modules.activation.ReLU
2009;2019;None;low;0.0001;1.2565093040466309;0.09809685197375785;3;30;[128, 256, 512, 128];torch.nn.modules.activation.ReLU
2009;2019;None;low;0.0001;1.465531349182129;0.08501116785028799;5;30;[128, 256, 512, 128];torch.nn.modules.activation.ReLU
2009;2019;None;low;0.0001;1.312511920928955;0.08724692783856147;7;30;[128, 256, 512, 128];torch.nn.modules.activation.ReLU
2009;2019;None;low;0.0001;1.2532802820205688;0.10718986707523652;3;20;[256, 512, 128];torch.nn.modules.activation.ELU
2009;2019;None;low;0.0001;1.3953094482421875;0.09892264013149238;5;20;[256, 512, 128];torch.nn.modules.activation.ELU
2009;2019;None;low;0.0001;1.3344646692276;0.09939540055309498;7;20;[256, 512, 128];torch.nn.modules.activation.ELU
2009;2019;None;low;0.0001;1.610006332397461;0.08528208979927043;3;30;[256, 512, 128];torch.nn.modules.activation.ELU
2009;2019;None;low;0.0001;1.4441564083099365;0.08501188538878579;5;30;[256, 512, 128];torch.nn.modules.activation.ELU
2009;2019;None;low;0.0001;1.085287094116211;0.10957620926750618;7;30;[256, 512, 128];torch.nn.modules.activation.ELU
2009;2019;None;low;0.0001;1.60078763961792;0.09829930575694579;3;20;[128, 256, 512, 128];torch.nn.modules.activation.ELU
2009;2019;None;low;0.0001;1.1452716588974;0.10181901615185811;5;20;[128, 256, 512, 128];torch.nn.modules.activation.ELU
2009;2019;None;low;0.0001;1.2001148462295532;0.09745730419968658;7;20;[128, 256, 512, 128];torch.nn.modules.activation.ELU
2009;2019;None;low;0.0001;1.3328441381454468;0.08771423196097479;3;30;[128, 256, 512, 128];torch.nn.modules.activation.ELU
2009;2019;None;low;0.0001;1.2540619373321533;0.09639553844580219;5;30;[128, 256, 512, 128];torch.nn.modules.activation.ELU
2009;2019;None;low;0.0001;1.1778156757354736;0.09950983193020563;7;30;[128, 256, 512, 128];torch.nn.modules.activation.ELU
2009;2019;None;low;0.003;1.5310907363891602;0.1218051528913807;3;20;[256, 512, 128];torch.nn.modules.activation.ReLU
2009;2019;None;low;0.003;1.6726710796356201;0.11777663204242055;5;20;[256, 512, 128];torch.nn.modules.activation.ReLU
2009;2019;None;low;0.003;1.64242684841156;0.1067431493754371;7;20;[256, 512, 128];torch.nn.modules.activation.ReLU
2009;2019;None;low;0.003;1.558463215827942;0.10684206273923258;3;30;[256, 512, 128];torch.nn.modules.activation.ReLU
2009;2019;None;low;0.003;1.4440909624099731;0.11147032434729176;5;30;[256, 512, 128];torch.nn.modules.activation.ReLU
2009;2019;None;low;0.003;1.6222010850906372;0.11579557996331473;7;30;[256, 512, 128];torch.nn.modules.activation.ReLU
2009;2019;None;low;0.003;1.5846976041793823;0.10319797956157771;3;20;[128, 256, 512, 128];torch.nn.modules.activation.ReLU
2009;2019;None;low;0.003;1.5025787353515625;0.09140261214397226;5;20;[128, 256, 512, 128];torch.nn.modules.activation.ReLU
2009;2019;None;low;0.003;1.5318584442138672;0.10146481083643738;7;20;[128, 256, 512, 128];torch.nn.modules.activation.ReLU
2009;2019;None;low;0.003;1.5707412958145142;0.10377014560979995;3;30;[128, 256, 512, 128];torch.nn.modules.activation.ReLU
2009;2019;None;low;0.003;1.313565969467163;0.1064604473875891;5;30;[128, 256, 512, 128];torch.nn.modules.activation.ReLU
2009;2019;None;low;0.003;1.287279725074768;0.0980193627814745;7;30;[128, 256, 512, 128];torch.nn.modules.activation.ReLU
2009;2019;None;low;0.003;1.7459509372711182;0.11604663664517867;3;20;[256, 512, 128];torch.nn.modules.activation.ELU
2009;2019;None;low;0.003;1.625961422920227;0.11078468760021702;5;20;[256, 512, 128];torch.nn.modules.activation.ELU
2009;2019;None;low;0.003;1.382986068725586;0.1122725595331075;7;20;[256, 512, 128];torch.nn.modules.activation.ELU
2009;2019;None;low;0.003;1.311081886291504;0.11322788465705065;3;30;[256, 512, 128];torch.nn.modules.activation.ELU
2009;2019;None;low;0.003;1.4883369207382202;0.1142768475651374;5;30;[256, 512, 128];torch.nn.modules.activation.ELU
2009;2019;None;low;0.003;1.709599256515503;0.10186868314060711;7;30;[256, 512, 128];torch.nn.modules.activation.ELU
2009;2019;None;low;0.003;1.5001859664916992;0.09484029801949075;3;20;[128, 256, 512, 128];torch.nn.modules.activation.ELU
2009;2019;None;low;0.003;1.524821162223816;0.09558438111521368;5;20;[128, 256, 512, 128];torch.nn.modules.activation.ELU
2009;2019;None;low;0.003;1.262019395828247;0.09974078351088993;7;20;[128, 256, 512, 128];torch.nn.modules.activation.ELU
2009;2019;None;low;0.003;1.4185700416564941;0.10248919764663904;3;30;[128, 256, 512, 128];torch.nn.modules.activation.ELU
2009;2019;None;low;0.003;1.479397177696228;0.1116911479997864;5;30;[128, 256, 512, 128];torch.nn.modules.activation.ELU
2009;2019;None;low;0.003;1.449857234954834;0.0833802616458272;7;30;[128, 256, 512, 128];torch.nn.modules.activation.ELU
2009;2019;None;low;0.0;1.8969424962997437;0.10682612926183001;3;20;[256, 512, 128];torch.nn.modules.activation.ReLU
2009;2019;None;low;0.0;2.099121332168579;0.10505937808923278;5;20;[256, 512, 128];torch.nn.modules.activation.ReLU
2009;2019;None;low;0.0;2.048231840133667;0.1025972541439416;7;20;[256, 512, 128];torch.nn.modules.activation.ReLU
2009;2019;None;low;0.0;1.7731847763061523;0.08962313634461617;3;30;[256, 512, 128];torch.nn.modules.activation.ReLU
2009;2019;None;low;0.0;1.81287682056427;0.10092374733629099;5;30;[256, 512, 128];torch.nn.modules.activation.ReLU
2009;2019;None;low;0.0;1.791803240776062;0.0974600543534165;7;30;[256, 512, 128];torch.nn.modules.activation.ReLU
2009;2019;None;low;0.0;1.5353044271469116;0.09763611622892156;3;20;[128, 256, 512, 128];torch.nn.modules.activation.ReLU
2009;2019;None;low;0.0;1.533996343612671;0.09843524397761551;5;20;[128, 256, 512, 128];torch.nn.modules.activation.ReLU
2009;2019;None;low;0.0;1.442816138267517;0.09481130017918422;7;20;[128, 256, 512, 128];torch.nn.modules.activation.ReLU
2009;2019;None;low;0.0;1.6041010618209839;0.09491726519543194;3;30;[128, 256, 512, 128];torch.nn.modules.activation.ReLU
2009;2019;None;low;0.0;1.5928047895431519;0.09210772711266109;5;30;[128, 256, 512, 128];torch.nn.modules.activation.ReLU
2009;2019;None;low;0.0;1.4855707883834839;0.10100079284337408;7;30;[128, 256, 512, 128];torch.nn.modules.activation.ReLU
2009;2019;None;low;0.0;1.8403778076171875;0.09905262712612013;3;20;[256, 512, 128];torch.nn.modules.activation.ELU
2009;2019;None;low;0.0;2.075881242752075;0.09794223214853154;5;20;[256, 512, 128];torch.nn.modules.activation.ELU
2009;2019;None;low;0.0;1.835141897201538;0.09607782907544822;7;20;[256, 512, 128];torch.nn.modules.activation.ELU
2009;2019;None;low;0.0;1.740173101425171;0.10579205858526362;3;30;[256, 512, 128];torch.nn.modules.activation.ELU
2009;2019;None;low;0.0;1.841740608215332;0.0968807644760885;5;30;[256, 512, 128];torch.nn.modules.activation.ELU
2009;2019;None;low;0.0;1.8735460042953491;0.10518994694079249;7;30;[256, 512, 128];torch.nn.modules.activation.ELU
2009;2019;None;low;0.0;1.7806861400604248;0.10310860101516627;3;20;[128, 256, 512, 128];torch.nn.modules.activation.ELU
2009;2019;None;low;0.0;1.4895259141921997;0.0997913757575284;5;20;[128, 256, 512, 128];torch.nn.modules.activation.ELU
2009;2019;None;low;0.0;1.540785551071167;0.0959900440523791;7;20;[128, 256, 512, 128];torch.nn.modules.activation.ELU
2009;2019;None;low;0.0;1.2434179782867432;0.09245727792432558;3;30;[128, 256, 512, 128];torch.nn.modules.activation.ELU
2009;2019;None;low;0.0;1.6330598592758179;0.10372357381496755;5;30;[128, 256, 512, 128];torch.nn.modules.activation.ELU
2009;2019;None;low;0.0;1.3270235061645508;0.08861325437992212;7;30;[128, 256, 512, 128];torch.nn.modules.activation.ELU
2009;2019;None;low;0.3;1.8386836051940918;0.11795075137494786;3;20;[256, 512, 128];torch.nn.modules.activation.ReLU
2009;2019;None;low;0.3;1.7547054290771484;0.11213490488810406;5;20;[256, 512, 128];torch.nn.modules.activation.ReLU
2009;2019;None;low;0.3;1.742964744567871;0.10741371529559883;7;20;[256, 512, 128];torch.nn.modules.activation.ReLU
2009;2019;None;low;0.3;1.6249703168869019;0.10400484904495809;3;30;[256, 512, 128];torch.nn.modules.activation.ReLU
2009;2019;None;low;0.3;1.8683432340621948;0.10305146170665735;5;30;[256, 512, 128];torch.nn.modules.activation.ReLU
2009;2019;None;low;0.3;1.638115406036377;0.09783909540157652;7;30;[256, 512, 128];torch.nn.modules.activation.ReLU
2009;2019;None;low;0.3;1.5732972621917725;0.09184890823839677;3;20;[128, 256, 512, 128];torch.nn.modules.activation.ReLU
2009;2019;None;low;0.3;1.3371021747589111;0.08699660548834359;5;20;[128, 256, 512, 128];torch.nn.modules.activation.ReLU
2009;2019;None;low;0.3;1.3382612466812134;0.08553730620864271;7;20;[128, 256, 512, 128];torch.nn.modules.activation.ReLU
2009;2019;None;low;0.3;1.4482595920562744;0.09262767546415172;3;30;[128, 256, 512, 128];torch.nn.modules.activation.ReLU
2009;2019;None;low;0.3;1.518073320388794;0.08461240856690411;5;30;[128, 256, 512, 128];torch.nn.modules.activation.ReLU
2009;2019;None;low;0.3;1.3469761610031128;0.09608676937924836;7;30;[128, 256, 512, 128];torch.nn.modules.activation.ReLU
2009;2019;None;low;0.3;1.6640195846557617;0.11833596216072717;3;20;[256, 512, 128];torch.nn.modules.activation.ELU
2009;2019;None;low;0.3;1.6197974681854248;0.10284855576981648;5;20;[256, 512, 128];torch.nn.modules.activation.ELU
2009;2019;None;low;0.3;1.7425053119659424;0.11011448223778757;7;20;[256, 512, 128];torch.nn.modules.activation.ELU
2009;2019;None;low;0.3;1.5262877941131592;0.10107762309523356;3;30;[256, 512, 128];torch.nn.modules.activation.ELU
2009;2019;None;low;0.3;1.6836793422698975;0.11537482611230253;5;30;[256, 512, 128];torch.nn.modules.activation.ELU
2009;2019;None;low;0.3;1.730779767036438;0.10355037723629734;7;30;[256, 512, 128];torch.nn.modules.activation.ELU
2009;2019;None;low;0.3;1.465134620666504;0.09218191543955694;3;20;[128, 256, 512, 128];torch.nn.modules.activation.ELU
2009;2019;None;low;0.3;1.4095444679260254;0.09143195733361557;5;20;[128, 256, 512, 128];torch.nn.modules.activation.ELU
2009;2019;None;low;0.3;1.6010053157806396;0.09604131017441514;7;20;[128, 256, 512, 128];torch.nn.modules.activation.ELU
2009;2019;None;low;0.3;1.415520191192627;0.09432632334315487;3;30;[128, 256, 512, 128];torch.nn.modules.activation.ELU
2009;2019;None;low;0.3;1.435119867324829;0.09332293910128649;5;30;[128, 256, 512, 128];torch.nn.modules.activation.ELU
2009;2019;None;low;0.3;1.5038055181503296;0.09535525488333375;7;30;[128, 256, 512, 128];torch.nn.modules.activation.ELU
